ISO,Country/Territory,GDPPerCapita,GDP,EcologicalFootprint,GHGIntensity,EnergyIntensity,WaterIntensity,ClimateCosts,InfraQuality,ForeignPop,EduAttainment,EaseBusiness,ICTDevelopment,KOFIndex,RegulatoryQuality,ClimateResilience,GlobalAdaptation,GovtEffectiveness
AFG,Afghanistan,1972,281,0.772260062,895.3264673,,,0.2252,,,,167,1.95,38.57146454,-1.33922708,,31.43267493,-1.325622678
ALB,Albania,12943,990,2.141634637,722.1164417,13.7979709,,0.0817,4.263843536,1.833659627,,63,5.14,66.10768127,0.223032042,,50.62127307,0.075342767
DZA,Algeria,15260,217,2.448755226,844.2953017,-177.1243579,69.42222222,0.0233,3.45496726,0.351240788,,157,4.67,55.86713791,-1.196304202,44,45.23000238,-0.596461594
ASM,American Samoa,,,,0.4589156,,,,,43.31395856,,,,,-0.253980577,,,0.560836196
ADO,Andorra,,,,,,,,,,,,7.71,46.41900635,1.207126617,,,1.937318087
AGO,Angola,6644,896,1.55887338,,-540.9974712,,0.039,2.249658,,15.86353016,173,1.94,41.82872391,-1.044177413,,35.41904212,-1.028803825
AIA,Anguilla,,,,,,,,,27.37532808,,,,,0.841849923,,,0.836132586
ATG,Antigua and Barbuda,23472,881,4.184473747,456.4392356,,8.461538462,0.9257,,30.52701402,,112,5.71,58.42712784,0.251249671,,47.40922147,0.010243446
ARG,Argentina,20785,22,3.689728277,656.0593866,13.02936074,12.90753425,0.1241,3.253046036,4.501714182,,119,6.79,65.8923111,-0.291172206,79.7,51.94404596,0.160125673
ARM,Armenia,9647,453,2.018594914,1160.127094,71.34130452,42.87797055,0.0979,4.277628899,6.553082726,91.83743286,41,5.76,67.79471588,0.280486375,,53.75303555,-0.096643448
ABW,Aruba,,,6.407520227,,,,,,33.92850104,,,,48.10056686,1.191759109,,,0.91795975
AUS,Australia,48460,530,6.885746416,486.2428359,-192.0159244,3.140243902,0.2475,4.698541641,24.59676454,76.41803741,18,8.24,81.58224487,1.930233955,11.8,70.9682911,1.535621643
AUT,Austria,52398,789,5.876423585,220.8220887,62.42378603,6.349090909,0.167,5.851210594,15.66047841,79.21024323,26,8.02,88.94864655,1.437395215,41.2,70.46835231,1.461381674
AZE,Azerbaijan,17398,315,2.169584949,811.300268,-310.3846944,147.5046211,0.0527,4.989622116,2.857881924,88.6644516,25,6.2,63.89182663,-0.245663553,,50.97030958,-0.161537498
BHS,"Bahamas, The",30430,727,4.823439598,453.8015826,,,2.7403,,14.55922563,,118,6.51,54.70133209,0.121307544,,52.73563687,0.577341318
BHR,Bahrain,47527,633,8.711071703,1068.298342,-61.58425477,,0.0013,5.175052166,,41.76073074,62,7.6,69.22111511,0.414515913,,48.68586513,0.18598111
BGD,Bangladesh,3869,506,0.794628274,1293.536307,16.84170264,34.16190476,0.6776,2.914158106,,28.96916962,176,2.53,50.66528702,-0.807246566,,35.51607616,-0.737919092
BRB,Barbados,18520,326,3.552894853,334.1899585,,,0.0968,5.089326446,,,129,7.31,63.58207703,0.492696583,,54.60579269,0.842625678
BLR,Belarus,18837,772,4.692725336,1669.695576,86.77969893,4.452941176,0.011,,9.741391003,,37,7.55,68.58372498,-0.736167967,78.5,57.36076127,-0.346364677
BEL,Belgium,47840,692,6.705608216,267.7326241,76.2588603,50.01666667,0.0408,4.868750095,14.80652304,67.0826416,45,7.81,90.49567413,1.244250178,63.4,61.71952641,1.181863666
BLZ,Belize,8507,558,5.193841047,997.3688075,,,3.1578,3.536344,,,125,3.71,59.05568695,-0.537485063,,42.33389887,-0.636001229
BEN,Benin,2272,856,1.355686787,4110.959511,46.59070713,,0.0345,2.376847029,3.388845099,,153,1.94,50.2712326,-0.472234935,,35.65632589,-0.643454432
BMU,Bermuda,,,6.778905763,,,,,,28.849417,,,,45.66069412,0.841849923,,,1.386725307
BTN,Bhutan,9372,669,4.635110994,1817.510323,,0.433205128,0.1455,4.33689642,5.877646925,,81,3.69,41.25247955,-0.332466513,,46.52780189,0.557544529
BOL,Bolivia,7560,390,3.07447077,22788.89842,-177.9858361,0.687973641,0.406,3.012727124,1.273099734,42.63145828,156,4.31,57.74135208,-0.89867276,,40.3418603,-0.390579432
BIH,Bosnia and Herzegovina,13108,15,3.290272952,1575.428616,22.73008923,0.923661972,1.2383,3.411338091,,62.3772583,89,5.39,67.90799713,-0.149801344,,49.30087878,-0.482100666
BWA,Botswana,16988,220,2.536836265,5096.851444,44.49996466,,0.0559,3.865415335,,,86,4.59,56.21990967,0.464531988,,47.81977512,0.425179511
BRA,Brazil,15484,226,3.077694535,1213.041869,11.87013338,1.320968027,0.0618,3.137576818,0.310641957,43.77634811,109,6.12,59.24207306,-0.114419818,55.9,50.35216108,-0.287862033
BRN,Brunei Darussalam,78836,99,5.545401604,778.5460706,-357.3943792,,0.0011,4.363539696,,,55,6.75,63.90760422,0.715463519,,55.60943937,1.14451313
BGR,Bulgaria,20948,334,3.169533252,1260.509,36.55077772,27.21428571,0.2997,3.889013767,1.069811272,75.59954071,59,6.86,80.23794556,0.625800014,12,56.82044775,0.261196882
BFA,Burkina Faso,1862,320,1.311623444,3930.397636,,,0.2045,2.369452244,4.377902047,2.805490017,151,1.9,52.34138107,-0.443538517,,35.15883779,-0.588813722
BDI,Burundi,734,826,0.604794019,2680.8277,,,0.4325,2.392444611,2.137113287,3.325380087,168,1.48,39.65387726,-0.836044073,,32.34333393,-1.339432001
KHM,Cambodia,4009,356,1.317812033,9063.070849,33.11629751,,0.7982,3.41007781,1.274054754,40.4025116,138,3.28,57.89411163,-0.502937794,,39.28139065,-0.655308068
CMR,Cameroon,3715,978,1.274120167,3465.613688,-28.31982089,,0.0242,2.298566341,,,166,2.38,50.18988037,-0.822791755,,39.14547333,-0.819791257
CAN,Canada,46705,67,8.049687636,562.9940513,-67.92722174,1.361403509,0.1299,5.210396767,23.85241059,,22,7.77,84.37671661,1.886527061,57.7,68.83131816,1.854210854
CPV,Cape Verde,6898,602,1.632268238,,,,0.0776,3.698783398,,20.03713036,131,4.92,49.93013,-0.204477429,,0,0.156338751
CYM,Cayman Islands,,,5.478265601,,,,,,58.55715018,90.19631958,,,42.34854126,0.753290176,,,1.226623893
CAF,Central African Republic,726,598,1.124576701,237279.6309,,,0.0303,,,,183,1.04,34.23552322,-1.480769515,,27.50685135,-1.770058393
TCD,Chad,1941,258,1.638616203,8851.662365,,,0.2394,1.820748448,,,181,1.27,40.83547974,-1.210235119,,25.698878,-1.461042285
CHL,Chile,24635,625,4.026400242,451.9434861,64.20166799,,0.1373,4.73211813,1.292103595,56.96366882,56,6.57,77.12530518,1.335125089,,61.2865308,0.85137552
CHN,China,16807,270,3.70996542,1453.232775,15.02180074,21.32243157,0.3112,4.533333778,,,46,5.6,64.47590637,-0.147617489,84.9,53.95235418,0.42190817
COL,Colombia,14473,157,1.913378947,468.2451124,-274.1331607,0.548717949,0.1305,3.109356403,0.261353696,47.26855087,65,5.36,64.40968323,0.340934604,,50.66137689,-0.067272685
COM,Comoros,2745,505,0.845711805,946.6789626,,,0.0695,,,,164,1.82,38.50613403,-1.037487507,,39.23141842,-1.566080928
ZAR,"Congo, Dem. Rep.",,,0.756714993,,,,0.0006,,,,184,1.55,45.43733215,-1.465561509,,,-1.63415575
COG,"Congo, Rep.",5443,774,1.214954894,2615.919095,-496.5979012,,0.015,,,,180,,54.44865799,-1.329810858,,34.68439642,-1.194322348
COK,Cook Islands,,,5.956188429,,,,,,25.90490183,,,,,,,,
CRI,Costa Rica,17074,355,2.510622986,261.2407222,49.8341838,2.07699115,0.094,3.094289064,8.970823709,38.29613876,67,6.44,71.7591095,0.44794029,,53.52232346,0.24735336
CIV,C?te d'Ivoire,3936,973,1.303743596,1250.50055,7.077538689,,0.0121,4.238089134,,11.25306034,122,3.14,53.49107742,-0.361866355,,37.85304515,-0.741473496
HRV,Croatia,26288,146,3.632040492,537.9591038,45.8596927,1.681167109,0.1979,4.709223747,13.65139214,,58,7.24,80.89966583,0.424106002,51.9,56.02523443,0.576743722
CUB,Cuba,,,1.906472791,,49.77823924,18.25550892,,,0.137961662,,,2.91,58.75719833,-1.329061508,,45.46554254,-0.197823852
CYP,Cyprus,34503,989,3.322262164,296.5952286,94.02675052,28.43589744,0.0757,4.718708992,23.43697756,71.16316223,57,7.77,78.26708221,1.030003071,42.8,58.03871764,0.92019558
CZE,Czech Republic,36327,677,5.599999241,670.0747663,28.98980679,12.54752852,0.242,4.609691143,6.657548081,90.22885895,35,7.16,85.19010925,1.232613683,51.5,63.65341224,1.022965312
DNK,Denmark,51364,130,7.127113086,164.155244,0.944353805,10.61666667,0.1415,5.832118034,,78.18444061,3,8.71,89.13588715,1.621354461,52.1,70.62977806,1.797003865
DJI,Djibouti,,,2.937341936,2043.060425,,,0.4908,,,,99,1.98,53.90712357,-0.641155362,,38.92467151,-1.03046906
DMA,Dominica,10016,60,2.528567561,458.5094194,,10,7.6148,,,,103,5.69,57.66051865,0.129298255,,56.68790258,-0.253344506
DOM,Dominican Republic,16030,136,1.589008623,549.7404716,86.71710022,30.37021277,0.2615,3.553068161,4.190357068,34.86874008,102,4.51,66.31977081,-0.078867756,,47.41471679,-0.35315901
ECU,Ecuador,11587,581,2.043039044,599.9041535,-114.7121382,,0.1378,4.523515701,1.342203289,42.29951859,123,4.84,59.50468826,-1.002313733,,44.66500394,-0.320694059
EGY,"Egypt, Arab Rep.",11584,400,1.984131934,1060.016521,-7.391493976,4100,0.0033,4.02020216,0.253686806,,120,4.63,63.07604599,-0.862057328,37.6,46.14030947,-0.619253278
SLV,El Salvador,8006,779,1.997794089,588.1319432,49.23546573,,0.6965,3.303022146,,,85,3.82,66.96630859,-0.152498513,,44.96528187,-0.365649074
GNQ,Equatorial Guinea,24387,416,3.019844205,284.6883008,,,,,,,177,1.86,44.84748077,-1.395033717,,36.25819126,-1.437543869
ERI,Eritrea,,,0.502791938,1626.229348,22.26723432,,0.5587,,,,189,0.96,29.97357559,-2.19575572,,26.26920382,-1.726647496
EST,Estonia,31742,503,6.965273874,1010.225928,3.397203439,13.53265146,0.0239,5.369565487,15.24687996,86.89375305,16,8.14,83.59791565,1.642088294,16.8,62.37649044,1.116494179
ETH,Ethiopia,1899,120,1.088787481,4295.733484,5.926314417,,0.2058,3.517645597,,,159,1.65,43.66520691,-1.006072164,,35.03895274,-0.699184716
FJI,Fiji,9555,422,3.897278512,568.5229247,,,1.974,,,,101,4.49,57.47558212,-0.223984584,,48.77404701,0.092675
FIN,Finland,44866,39,6.094120602,268.9243046,46.19727551,,0.0169,6.099680901,4.616228078,74.01706696,17,7.88,86.99093628,1.819965363,80.1,71.95114157,1.936892509
FRA,France,42850,431,4.698092835,185.880382,43.48527185,14.905,0.0964,6.051942825,9.922130459,69.66562653,32,8.24,87.19553375,1.156949997,90.9,66.63913653,1.352229953
GUF,French Guiana,,,2.594551664,,,,,,,,,,,1.279348254,,,1.377292275
GAB,Gabon,18075,769,2.715199714,2012.142866,-213.4005195,,0,2.920995619,12.52025439,,169,4.11,55.65491867,-0.786680818,,42.35298221,-0.943185508
GMB,"Gambia, The",1696,282,0.964624155,2480.134596,,,0.3289,4.087337017,,,149,2.59,54.10049057,-0.448176056,,38.33010393,-0.647859395
GEO,Georgia,10683,492,1.897387804,923.0611027,68.75204873,3.136074316,0.1688,3.923647642,1.783346671,93.45079041,6,5.79,74.14364624,1.05312109,,57.37885448,0.570329368
DEU,Germany,50639,533,5.047455334,268.3957147,60.87591028,30.8317757,0.1236,5.719192505,14.71669769,83.00641632,24,8.39,88.17350769,1.783135295,72.4,69.31393118,1.719366074
GHA,Ghana,4492,384,1.95527228,2570.025381,-8.192103873,,0.0469,3.690955639,1.310642442,,114,4.05,61.03116989,-0.137610823,,45.0957149,-0.11195793
GRC,Greece,27602,218,4.293608886,409.1468947,61.97067022,,0.1002,4.343558788,11.89009795,54.63795853,72,7.23,80.75351715,0.238199681,26.5,58.56920468,0.313699603
GRL,Greenland,,,,,,,,,,39.62570953,,,0,1.321487308,,,0.838607967
GRD,Grenada,15124,886,3.102874484,907.7317747,,7.05,7.473,,,,147,5.8,59.04393768,-0.053824238,,56.47144027,-0.175041571
GUM,Guam,,,,,,,,,31.41480189,,,,0,0.111296237,,,0.285539836
GTM,Guatemala,8150,466,1.839585701,625.4554691,32.84420958,,0.4432,3.363133669,,26.59972954,98,3.35,63.09933472,-0.255445004,,43.27977888,-0.639803767
GIN,Guinea,2242,685,1.462458605,13875.81986,,,0.0085,2.578125,1.540843661,,152,1.78,46.59724045,-0.837892413,,36.83696043,-1.044228196
GNB,Guinea-Bissau,1700,671,1.279567528,7681.549997,,,0.1553,,,,175,1.48,38.9458046,-1.181865573,,32.14502418,-1.766072035
GUY,Guyana,8163,865,2.872008587,2143.346336,,0.599585062,0.8128,3.559736679,,,134,3.44,54.0608902,-0.393391043,,42.40233851,-0.290584892
HTI,Haiti,1815,715,0.673119432,1119.83104,22.01586996,11.14527287,2.7296,2.019607782,,,182,1.72,46.71670151,-1.316409707,,31.39566939,-2.055587292
HND,Honduras,4986,862,1.661326987,1104.601597,52.99643629,,1.9683,3.592039585,0.452880053,24.68818092,121,3.28,62.52487564,-0.436263412,,41.26349208,-0.511525214
HKG,"Hong Kong SAR, China",61540,75,,223.2798686,98.68032373,,,6.351648331,39.3247267,62.15829086,4,8.61,67.6944046,2.163464546,,,1.902441502
HUN,Hungary,28108,38,3.603739196,493.2297605,55.60738232,84.18333333,0.0998,4.533150673,3.856393095,76.05977631,53,6.93,85.1341629,0.649767637,33,58.37433686,0.513569653
ISL,Iceland,53153,179,,374.5486276,10.96335223,2.100588235,0.0044,5.599850178,,,21,8.98,72.9103241,1.432059407,,69.34499409,1.450666547
IND,India,7059,592,1.120082775,1643.047787,34.30552375,44.77869986,0.2725,4.561677933,,,77,3.03,61.17932892,-0.25402981,63.7,42.20431319,0.091671541
IDN,Indonesia,12284,315,1.608079712,849.3460994,-103.0913295,,0.0954,4.128623009,,33.73175049,73,4.33,62.96731567,-0.106315382,36.5,45.8504174,0.040761169
IRN,"Iran, Islamic Rep.",20841,590,3.404047724,,-33.39527219,,0.1223,3.963938951,1.11486297,48.38576889,128,5.58,54.18322372,-1.198723674,53,50.81300768,-0.190952122
IRQ,Iraq,16899,647,2.06668643,713.3333871,-229.390491,,0.0086,,,,171,,42.66902924,-1.203295708,,39.83332139,-1.265301704
IRL,Ireland,75648,518,4.706650589,277.3161371,84.25580305,1.544897959,0.0903,4.362379074,17.84274273,,23,8.02,84.63578796,1.58511579,36.7,64.73629493,1.291128397
ISR,Israel,38262,863,4.679560706,326.6462015,67.04873828,,0.0427,4.911572933,25.80104639,81.44174957,49,7.88,77.22993469,1.271691442,,61.14485274,1.385820627
ITA,Italy,39427,75,4.292110012,232.7101007,75.0013037,29.45205479,0.0699,4.277553558,8.082221776,49.15258026,51,7.04,82.59211731,0.704022348,55.5,60.6805448,0.502419829
JAM,Jamaica,9046,416,1.773236744,1048.040664,82.04251868,,0.7528,4.172176361,0.874618516,,75,4.84,66.45166779,0.144992709,,48.68879688,0.489569038
JPN,Japan,43279,995,4.744244534,238.4020799,93.98125952,18.88837209,0.0605,6.197003841,,,39,8.43,78.37361145,1.373820782,38.2,65.11918854,1.617228866
JEY,"Jersey, Channel Islands",,,,,,,,,47.28479154,,,,,0.680549681,,,1.262855411
JOR,Jordan,9153,238,2.136058544,877.9120917,96.81229729,124.4868035,0.0751,4.20862484,12.74147693,,104,6,73.57861328,0.096265249,,49.64035282,0.116523176
KAZ,Kazakhstan,26435,603,5.813344162,1762.038266,-116.8904268,31.04895105,0.0036,3.909531355,,,28,6.79,64.38980865,0.170439094,66.5,57.63016143,0.00893158
KEN,Kenya,3285,785,1.039112749,1076.952434,17.16990331,15.54589372,0.362,4.301241875,,,61,2.91,55.20448303,-0.232586861,,36.90206477,-0.311995238
KIR,Kiribati,2180,473,5.843356484,,,,6.5984,,2.78289895,,158,2.17,46.30187988,-0.831344843,,0,-0.245557606
PRK,"Korea, Dem. Rep.",,,2.87259366,89.87106304,-74.75239399,,,,,,,,0,-2.340671539,,0,-1.694579959
KOR,"Korea, Rep.",38335,971,5.815715949,,81.70429565,,0.0877,5.651405811,1.213520882,76.44989777,5,8.85,79.23038483,1.105011582,70.6,67.27450424,1.082476377
KSV,Kosovo,,,,,,,,,,,44,,,-0.134271026,,,-0.411454737
KWT,Kuwait,71943,240,7.649152593,,-391.0584858,,0.0001,4.125414371,,29.90126991,97,5.98,70.79157257,-0.06208986,,50.32226933,-0.166563079
KGZ,Kyrgyz Republic,3726,253,1.753071348,2088.846342,49.54466148,,0.0219,3.036874771,8.2420508,,70,4.37,63.13728333,-0.350244075,,50.08776248,-0.714440167
LAO,Lao PDR,7023,83,1.784002054,15862.55394,,,,3.759013176,,,154,2.91,43.77283478,-0.721490681,,39.40167969,-0.35872829
LVA,Latvia,28199,186,5.625795393,495.5019979,45.16008775,1.393152302,0.0631,4.265236855,14.58917267,89.41101074,19,7.26,79.84521484,1.154456258,78.5,60.79428634,0.904785335
LBN,Lebanon,14482,884,3.353890617,,97.86553522,,0.0491,2.332921505,,,142,6.3,68.22702026,-0.307231396,,45.17225408,-0.513486862
LSO,Lesotho,2926,999,1.462411247,1307.987773,,,0.421,2.653056145,0.208067166,,106,3.04,50.94181824,-0.321870238,,40.08104353,-0.850271225
LBR,Liberia,1283,328,1.195187664,1041.50782,,,0.0408,2.573236942,2.124513319,,174,,53.13316727,-0.94611448,,32.37564516,-1.370017767
LBY,Libya,19631,341,4.33438617,1029.716194,-102.964112,822.8571429,0.0051,1.85489866,,,186,4.11,54.61499023,-2.214114904,,40.80321614,-1.772441387
LIE,Liechtenstein,,,,,,,,,40.52394257,,14,,54.36987686,1.49382937,,0,1.764954209
LTU,Lithuania,32998,320,5.796873709,686.5066884,75.04470837,4.051746442,0.0465,4.940376282,5.901074085,86.00730896,,7.19,80.83867645,1.156089902,82.5,61.07702593,0.978155434
LUX,Luxembourg,103745,934,12.28484212,222.3808852,96.00213678,4.31,0.012,5.615082264,40.04309529,79.5658493,66,8.47,83.72696686,1.691276789,64.8,68.73807714,1.683228135
MAC,"Macao SAR, China",115123,578,,,,,,,59.26918385,51.97763824,,7.8,51.77567673,1.756898761,,,1.380955815
MKD,"Macedonia, FYR",15290,182,3.081527149,1332.401497,51.77099874,,0.1187,4.059390359,,,10,6.01,70.90887451,0.504985034,,55.07703391,0.140013874
MDG,Madagascar,1555,334,0.976587643,11888.36664,,,0.7388,2.658239603,,,161,1.68,48.43398666,-0.69403702,,32.89343173,-1.137712479
MWI,Malawi,1202,91,0.824202782,3616.808576,,,0.4979,2.478404522,1.609185944,,111,1.74,49.11252594,-0.74845916,,35.68792985,-0.669472635
MYS,Malaysia,29449,355,4.422594097,890.1552176,-5.505028941,,0.0512,5.311330318,,58.33237076,15,6.38,81.14424133,0.683502495,55.9,57.29074939,0.838082552
MDV,Maldives,16653,544,,,,15.66666667,0.014,,15.82730413,,139,5.25,49.2515831,-0.422421843,,40.46214318,-0.451128453
MLI,Mali,2214,786,1.538089365,6219.914189,,,0.1026,2.71579051,1.633752628,5.641059875,145,2.16,47.97251892,-0.572680533,,33.58149151,-0.93755424
MLT,Malta,41034,90,4.888544214,,98.38148617,44.35643564,0.0251,4.17305994,8.412388125,38.07236862,84,7.86,78.45513916,1.28226018,35.9,56.91798873,1.004574537
MHL,Marshall Islands,4238,583,,,,,6.6635,,,,150,,45.92330551,-1.034137845,,0,-1.552680969
MTQ,Martinique,,,4.467807219,,,,,,2.301973382,,,,,1.207126617,,,1.111428976
MRT,Mauritania,3950,426,2.303236601,,,,0.3659,1.516202688,,,148,2.26,50.60305023,-0.775994599,,36.03459501,-0.720201552
MUS,Mauritius,22309,684,3.495044293,,84.54228895,,0.1608,4.492791176,,,20,5.88,71.73953247,0.99530226,,55.6129447,0.899615884
MEX,Mexico,18273,347,2.548578354,552.350569,-10.79360098,20.02689487,0.181,4.070586205,0.855572921,33.29468918,54,5.16,71.49171448,0.196253836,77.5,50.66942027,-0.025352878
FSM,"Micronesia, Fed. Sts.",3693,312,5.68478836,,,,0.8967,,2.912866328,,160,,47.92453384,-0.990434885,,36.45196842,0.090110831
MDA,Moldova,5698,574,1.927385013,1329.73641,90.01107669,,0.9373,3.328729868,5.34783462,74.7263031,47,6.45,69.01448822,-0.038025133,,50.46255158,-0.511046052
MCO,Monaco,,,,,,,,,,,,8.05,50.3024559,,,0,
MNG,Mongolia,12918,790,9.49986957,,-168.0933932,1.583333333,0.3168,3.258268118,0.817713541,,74,4.96,65.53656006,-0.117150381,,52.72727216,-0.261899501
MNE,Montenegro,19352,78,3.416702745,,27.5691369,,,3.634852409,12.87520422,,50,6.44,70.63696289,0.298689544,,53.84282854,0.154392779
MAR,Morocco,8217,38,1.749562583,818.5609999,90.72183409,35.68965517,0.0975,4.664927959,,,60,4.77,69.42895508,-0.228113279,87.6,50.80799133,-0.159934446
MOZ,Mozambique,1248,791,0.869687212,25056.54846,-54.60162754,,0.6174,2.484745741,,9.448049545,135,2.32,53.66218185,-0.729563296,,35.39432393,-0.89269793
MMR,Myanmar,6161,319,1.548677784,8816.046876,-32.97079407,,0.6935,2.41677427,,,171,3,43.57294464,-0.831707299,,34.76053018,-1.051279306
NAM,Namibia,10449,148,2.086595475,2923.269114,74.44166879,,0.1903,4.568369865,4.449861505,,107,3.89,59.90602112,-0.189584225,,45.89768272,0.198665529
NRU,Nauru,14158,257,,,,,,,,,,,,-1.096875548,,0,-0.433887184
NPL,Nepal,2697,399,1.026344543,2162.248848,16.67706471,,0.22,2.86577034,1.826876446,,110,2.88,47.54735565,-0.716038048,,39.89387133,-0.881772101
NLD,Netherlands,52503,574,5.923473087,233.3397232,19.76928935,97.45454545,0.0312,6.230635166,10.39771106,69.98719788,36,8.49,90.96822357,2.04744792,90.8,66.47328416,1.85184443
ANT,Netherlands Antilles (former),,,,,,,,,,,,,,,,,
NZL,New Zealand,41109,868,5.129108939,446.3224694,17.08455259,1.590519878,0.2308,4.760043144,23.61564508,70.02867126,1,8.33,77.90871429,2.088636398,54.5,73.49181076,1.766219378
NIC,Nicaragua,5842,967,1.475227205,1549.852206,40.85937541,0.989116517,1.1265,3.510638237,0.674685702,,132,3.27,61.20284653,-0.671955764,,42.55060018,-0.638267875
NER,Niger,1017,501,1.755182759,1650.002279,-5.809741918,,0.3828,,,,143,,45.91501236,-0.679311395,,30.95230583,-0.673316777
NGA,Nigeria,5875,718,1.115306778,653.0183747,-93.02721929,5.642533937,0.0151,2.316082478,,,146,2.6,54.38938141,-0.885498822,,37.63573334,-0.960358143
NIU,Niue,,,,,,,,,,,,,,,,,
NOR,Norway,61414,143,6.032746434,124.525913,-582.8993394,,0.0265,5.197991371,12.27573342,77.83640289,7,8.47,86.39546204,1.813414216,81.7,76.05151675,1.983250856
OMN,Oman,41675,476,6.315752258,811.86111,-206.1947121,,0.613,4.876968861,,50.36949158,78,6.43,62.09418106,0.420803756,,54.72535308,0.20693244
PAK,Pakistan,5527,18,0.788661662,1647.776061,24.12316878,333.6363636,0.6054,3.789005756,,27.61001968,136,2.42,53.5315094,-0.593339503,,38.96454842,-0.584986567
PLW,Palau,14823,255,,,,,0.0247,,30.35615613,,133,,45.52441025,-0.597702622,,0,-0.228963077
PAN,Panama,24469,282,2.32487834,390.1453201,80.90454838,0.759150805,0.075,4.704954624,,,79,4.91,71.71248627,0.387361974,,50.81417778,0.008232099
PNG,Papua New Guinea,4199,709,1.849228212,520.6601107,,,0.1956,,,,108,,49.78310776,-0.653404832,,35.17092772,-0.657793283
PRY,Paraguay,13082,943,3.675733926,1527.62534,-36.93956313,2.062393162,0.7049,2.559470415,3.354045303,36.63816833,113,4.18,63.0599823,-0.231345043,,47.55374967,-0.812392414
PER,Peru,13434,41,2.294237472,387.7374243,-14.89958814,0.826325411,0.069,3.089028835,0.297809472,56.01539993,68,4.85,69.26222229,0.418227434,,50.80355425,-0.12788868
PHL,Philippines,8343,904,1.104289718,668.9440275,45.76800308,17.02713987,0.6113,2.961179733,5.12510469,,124,4.67,66.96657562,0.018699206,,43.14913099,-0.062704764
POL,Poland,29122,647,4.442619659,827.8131249,28.39101101,21.39925373,0.1281,4.248186588,1.683551908,84.86032104,33,6.89,81.20464325,0.881679177,46.1,63.11863626,0.634567082
PRT,Portugal,31673,240,3.687876485,335.0034113,71.66828631,,0.1432,5.693336964,8.254102516,36.77096176,34,7.13,83.51728058,0.908749223,98.4,61.62107414,1.332171917
PRI,Puerto Rico,,,,32.42509604,,14.32394366,0.4228,4.906206547,2.806591249,,64,,34.32840729,0.869893134,,,-0.09989804
QAT,Qatar,128374,744,15.65398181,552.1217804,-398.9911867,,0.0006,5.211749554,,41.01255035,83,7.21,73.48832703,0.418252975,,53.02438657,0.742896199
REU,R?union,,,5.433471441,,,,,,3.447846158,,,,,1.207126617,,,1.111428976
ROM,Romania,,,2.798524692,,,,0.3362,,0.748268991,,52,6.48,79.36300659,0.488174856,25.8,,-0.173382983
RUS,Russian Federation,25533,56,5.568220041,1268.359754,-83.67054072,1.414656772,0.0561,3.982001543,7.836330289,,31,7.07,72.29156494,-0.475341648,36.4,58.88722809,-0.077605151
RWA,Rwanda,2039,31,0.775231504,914.427132,,,0.0277,4.683115482,3.520653771,8.458080292,29,2.18,51.27553177,0.146277755,,42.60433248,0.260874271
WSM,Samoa,6627,990,2.386064846,444.5530087,,,1.0032,,,,90,3.3,52.17324829,-0.079647265,,46.49880528,0.616453826
SMR,San Marino,63414,336,,,,,,,,,88,,57.08839035,,,0,
STP,S?o Tom? and Principe,3351,74,1.785786411,772.6757363,,,,,1.475335545,,170,3.09,42.03825378,-0.833209515,,42.36760546,-0.767590463
SAU,Saudi Arabia,53779,882,6.002629332,,-191.5238831,,0.0188,4.920776367,,,92,6.67,65.46376038,-0.000854754,27.7,54.28599399,0.247511506
SEN,Senegal,3450,804,1.111991705,3038.148129,52.69248699,,0.0622,2.920382738,,,141,2.66,61.50786591,-0.147465929,,39.85717027,-0.319773078
SRB,Serbia,15429,776,2.918717046,,28.78146807,49.36362555,0.401,3.502137661,11.44182259,71.40995026,48,6.61,78.33515167,0.009044431,,51.35089091,0.191546947
SYC,Seychelles,29265,460,,858.7616588,,,0.0725,4.673913002,9.672802887,,96,5.03,62.19289017,-0.176731795,,48.41674491,0.415070593
SLE,Sierra Leone,1527,216,1.226873206,3106.493166,,,0.0036,2.634381294,,,163,,44.46389389,-0.9200207,,37.78217594,-1.205864072
SGP,Singapore,93905,492,5.85738805,192.3437238,97.68200129,,0.001,6.415508747,22.79561505,70.69322968,2,8.05,83.37584686,2.115007162,,69.30494746,2.20536828
SVK,Slovak Republic,31616,317,4.195545513,495.3809297,58.82671105,4.438888889,0.1047,4.240309238,2.773892929,87.15688324,42,7.06,82.89263916,0.823824525,51.9,58.11110264,0.807419121
SVN,Slovenia,34868,310,4.675454359,454.4126167,44.49892058,6.191751473,0.2421,4.592378616,11.51868704,81.86884308,40,7.38,81.27744293,0.578153908,30.7,65.46533429,1.170743942
SLB,Solomon Islands,2422,661,,4315.28621,,,0.6798,,,,115,2.11,44.21902084,-0.797954023,,38.09965738,-1.005797744
SOM,Somalia,,,1.2088653,3429.784542,,,,,,,190,,0,-2.29080677,,20.26734479,-2.213490009
ZAF,South Africa,13498,328,3.415378922,,-14.48355329,34.59821429,0.09,4.050662518,2.087777865,64.62435913,82,4.96,69.8908844,0.233144641,60.9,50.25287332,0.278473139
SSD,South Sudan,,,1.542089326,,-1058.120023,2.530769231,0.0527,,,,185,,,-1.944518328,,,-2.478397369
ESP,Spain,37998,566,3.805943048,260.5236189,69.35978962,33.04856115,0.0605,5.513834,12.09495874,48.6490593,30,7.79,85.3042984,0.942841172,39.3,62.63351976,1.034050941
LKA,Sri Lanka,12835,193,1.531969411,445.0785061,50.26849245,,0.2026,3.884459734,0.188939391,61.67863846,100,3.91,58.91719055,-0.13164562,,46.28042328,-0.151102081
KNA,St. Kitts and Nevis,28576,99,,,,51.25,,,,,140,7.24,51.52269363,0.554304838,,53.63260815,0.560836196
LCA,St. Lucia,13956,915,,416.6777436,,,,,5.036399735,,93,4.63,58.31752777,0.307759255,,53.129928,0.265684724
VCT,St. Vincent and the Grenadines,11744,306,,460.6321576,,7.9,,,4.318936877,,130,5.54,54.01027679,0.245785251,,55.80727176,0.265684724
SDN,Sudan,4904,877,1.21832635,10051.12091,-8.993080229,673.25,0.0553,,,,162,2.55,41.24446487,-1.560386419,,30.42111026,-1.4149369
SUR,Suriname,15159,830,3.635389806,533.7103662,-43.75983539,,0.0017,3.95648353,6.608580258,,165,5.15,53.78445816,-0.537463546,,45.039661,-0.616697431
SWZ,Swaziland,8641,482,2.398095319,,,,0.308,3.836734772,,,,,47.78671265,-0.561272204,,40.23475942,-0.577245116
SWE,Sweden,50208,578,6.591055088,120.7896442,28.2711851,1.57251462,0.0538,5.628148079,15.04190457,75.55888367,12,8.41,89.88307953,1.798393011,88.3,71.33857043,1.837629318
CHE,Switzerland,64712,84,4.850440134,81.01288004,47.05136117,4.962871287,0.1063,6.647141933,27.13407559,84.53691101,38,8.74,91.16794586,1.883793592,81.7,70.89610309,2.056275129
SYR,Syrian Arab Republic,,,1.46057601,,47.833735,,,4.061744008,,,179,3.34,50.97021484,-1.827265263,,38.96968992,-1.787540793
TWN,"Taiwan, China",,,,,,,0.1348,,,,13,,,1.369394064,44.6,,1.269582629
TJK,Tajikistan,3195,21,0.968447238,2023.784944,36.24549558,,0.7028,4.173213959,,,126,,46.36359024,-1.060233712,,42.67417813,-1.120500088
TZA,Tanzania,2946,235,1.466763219,6021.109213,10.72806025,,0.0745,3.587766409,,,144,1.81,50.79416275,-0.579316974,,37.04061433,-0.629401565
THA,Thailand,17872,503,2.492449712,1107.792269,41.56815174,,0.9669,4.129854202,2.771080673,32.67467117,27,5.67,71.33774567,0.140795797,35.9,53.42165147,0.384620816
TMP,Timor-Leste,,,0.566357047,,,,0.0038,,1.228880479,,178,3.57,47.40231323,-0.739334941,,,-0.996655881
TGO,Togo,1660,79,1.106773529,5916.371386,19.97162295,,0.0198,,,,137,2.15,51.94613266,-0.789896846,,37.9301832,-1.125331759
TON,Tonga,5957,205,3.302010847,,,,1.5709,,1.791704164,,91,4.34,48.8466835,-0.396795779,,41.16630764,-0.217460796
TTO,Trinidad and Tobago,31578,419,6.689615088,2405.010409,-102.6627373,8.755208333,0.0067,4.331965923,,,105,6.04,65.26992035,0.025116697,,48.56528353,0.259738058
TUN,Tunisia,11911,79,2.172339815,881.8268548,36.19587142,76.68653159,0.0724,3.687209606,,44.59070969,80,4.82,67.30207062,-0.411648721,,49.66624297,-0.0688245
TUR,Turkey,26519,113,3.20786067,510.0630865,74.20811136,18.4845815,0.0321,4.976790428,1.284115611,34.26784897,43,6.08,70.51125336,0.03514063,4,56.64876149,0.070511587
TKM,Turkmenistan,17993,160,5.563078698,2621.376263,-191.5113368,,,,2.123208869,,,,42.02371597,-2.000808716,,40.29827773,-1.213454843
TUV,Tuvalu,3925,613,,137.8925466,,,8.5,,,,,,,-0.789098918,,0,-0.743160844
UGA,Uganda,1864,118,1.186947869,3294.229134,,1.633333333,0.254,3.330399275,1.596663907,,127,2.19,52.90216064,-0.22245419,,35.78111717,-0.584205806
UKR,Ukraine,8667,568,2.963994838,2304.406227,27.20850822,26.95099819,0.0538,3.618416786,37.18864751,,71,5.62,74.2493515,-0.321302444,43.8,52.05841329,-0.459805757
ARE,United Arab Emirates,73878,535,9.752580855,546.9664753,-183.8439704,,0.004,6.231951714,,53.07051086,11,7.21,73.96447754,1.012775421,,58.8923839,1.398046255
GBR,United Kingdom,43269,847,4.799216134,218.8127907,39.67463181,5.528965517,0.0712,4.986065865,12.65147903,74.70639038,9,8.65,89.35042572,1.714477539,77,69.12971137,1.414262295
USA,United States,59532,714,8.366051558,391.666415,9.214465501,14.85805536,0.2973,5.85104084,11.05382642,89.09236145,8,8.18,82.09593201,1.62811482,0,67.91834267,1.554402709
URY,Uruguay,22562,436,2.981182412,667.8467116,44.43350088,,0.1593,3.588198185,2.343453513,28.74780083,95,7.16,72.54161835,0.65730983,,54.35877326,0.415866882
UZB,Uzbekistan,6865,549,2.170705887,3419.723506,,,0.0083,,,92.56462097,76,4.9,46.92669678,-1.260567427,,47.21977717,-0.556019843
VUT,Vanuatu,3208,699,3.796226007,570.6145741,,,2.9596,,,,94,2.81,52.94226837,-0.331086189,,39.31975858,-0.900553942
VEN,"Venezuela, RB",,,3.271243368,850.5518622,,,0.1008,2.511074066,4.247763234,61.92459869,188,5.17,53.6166954,-1.959076047,,42.11449128,-1.399024129
VNM,Vietnam,6776,417,1.73407381,1998.058111,,,0.5492,3.594134331,,,69,4.43,64.26992798,-0.398280025,,46.57621969,0.002403325
VIR,Virgin Islands (U.S.),,,,,,,,,,,,,0,0.841849923,,,0.836132586
WBG,West Bank and Gaza,,,,,,,,,,,116,,33.41365051,0.022683006,,,-0.401484132
YEM,"Yemen, Rep.",2601,739,1.007929652,1156.030273,,,0.1205,2.167699575,,,187,,48.12046432,-1.45004642,,33.47076562,-1.91991818
ZMB,Zambia,4024,339,0.953958895,12557.5116,,,0.0882,3.239676237,,,87,2.54,56.62186813,-0.466104239,,38.64565322,-0.621982872
ZWE,Zimbabwe,2429,668,1.0881328,5125.750699,,,0.547,2.917176962,,15.1919899,155,2.92,50.72351456,-1.563329697,,33.08985598,-1.190635562
